poutcome,n,subscribe_rate_%
success,1373,65.1128914785142
failure,4252,14.22859830667921
nonexistent,35551,8.832381648898766
