contact,n,subscribe_rate_%
cellular,26135,14.738855940309929
telephone,15041,5.232364869357091
